{
  "train_loss": [
    267922.4412202381,
    189694.14360119047
  ],
  "val_r2": [
    -3.0431857109069824,
    -0.7045043706893921
  ],
  "best_val_r2": -0.7045043706893921,
  "epochs": 2,
  "batch_size": 64,
  "learning_rate": 0.001,
  "device": "cpu"
}